"","name","link"
"1","Tokyo Story","/movie/tokyo-story"
"2","The Godfather","/movie/the-godfather"
"3","Citizen Kane","/movie/citizen-kane"
"4","Rear Window","/movie/rear-window"
"5","Casablanca","/movie/casablanca"
"6","Boyhood","/movie/boyhood"
"7","Three Colors: Red","/movie/three-colors-red"
"8","Vertigo","/movie/vertigo"
"9","Notorious","/movie/notorious-1946"
"10","Singin' in the Rain","/movie/singin-in-the-rain"
"11","Playtime","/movie/playtime"
"12","City Lights","/movie/city-lights"
"13","Moonlight","/movie/moonlight-2016"
"14","Intolerance","/movie/intolerance"
"15","Pinocchio","/movie/pinocchio-1940"
"16","Touch of Evil","/movie/touch-of-evil"
"17","Seven Samurai","/movie/seven-samurai"
"18","The Wild Bunch","/movie/the-wild-bunch"
"19","Au hasard Balthazar","/movie/au-hasard-balthazar"
"20","The Lady Vanishes","/movie/the-lady-vanishes-1938"
"21","The Treasure of the Sierra Madre","/movie/the-treasure-of-the-sierra-madre"
"22","Pan's Labyrinth","/movie/pans-labyrinth"
"23","Some Like It Hot","/movie/some-like-it-hot"
"24","North by Northwest","/movie/north-by-northwest"
"25","The Rules of the Game","/movie/the-rules-of-the-game"
"26","Hoop Dreams","/movie/hoop-dreams"
"27","Rashomon","/movie/rashomon"
"28","The Passion of Joan of Arc","/movie/the-passion-of-joan-of-arc"
"29","All About Eve","/movie/all-about-eve"
"30","Jules and Jim","/movie/jules-and-jim"
"31","My Left Foot","/movie/my-left-foot"
"32","The Third Man","/movie/the-third-man"
"33","Dr. Strangelove or: How I Learned to Stop Worrying and Love the Bomb","/movie/dr-strangelove-or-how-i-learned-to-stop-worrying-and-love-the-bomb"
"34","Quo Vadis, Aida?","/movie/quo-vadis-aida"
"35","Psycho","/movie/psycho-1960"
"36","Gone with the Wind","/movie/gone-with-the-wind"
"37","4 Months, 3 Weeks and 2 Days","/movie/4-months-3-weeks-and-2-days"
"38","Battleship Potemkin","/movie/battleship-potemkin"
"39","A Streetcar Named Desire","/movie/a-streetcar-named-desire"
"40","The Maltese Falcon","/movie/the-maltese-falcon"
"41","American Graffiti","/movie/american-graffiti"
"42","12 Angry Men","/movie/12-angry-men"
"43","Dumbo","/movie/dumbo-1941"
"44","Roma","/movie/roma"
"45","Man with a Movie Camera","/movie/man-with-a-movie-camera"
"46","Parasite","/movie/parasite"
"47","Spirited Away","/movie/spirited-away"
"48","Toy Story","/movie/toy-story"
"49","Ran","/movie/ran"
"50","Summer of Soul (...Or, When the Revolution Could Not Be Televised)","/movie/summer-of-soul-or-when-the-revolution-could-not-be-televised"
"51","The Shop Around the Corner","/movie/the-shop-around-the-corner"
"52","Rosemary's Baby","/movie/rosemarys-baby"
"53","12 Years a Slave","/movie/12-years-a-slave"
"54","Manchester by the Sea","/movie/manchester-by-the-sea"
"55","Killer of Sheep","/movie/killer-of-sheep"
"56","Nashville","/movie/nashville"
"57","Red River","/movie/red-river"
"58","Ratatouille","/movie/ratatouille"
"59","The Grapes of Wrath","/movie/the-grapes-of-wrath"
"60","Snow White and the Seven Dwarfs","/movie/snow-white-and-the-seven-dwarfs"
"61","Children of Paradise (1945)","/movie/children-of-paradise"
"62","Mean Streets","/movie/mean-streets"
"63","Sansho the Bailiff","/movie/sansho-the-bailiff"
"64","The Lady Eve","/movie/the-lady-eve"
"65","Gravity","/movie/gravity"
"66","Fantasia","/movie/fantasia"
"67","Beauty and the Beast","/movie/beauty-and-the-beast-1991"
"68","Small Axe: Lovers Rock","/movie/lovers-rock"
"69","The Bride of Frankenstein","/movie/the-bride-of-frankenstein"
"70","Don't Look Now","/movie/dont-look-now"
"71","The Social Network","/movie/the-social-network"
"72","My Fair Lady","/movie/my-fair-lady"
"73","Portrait of a Lady on Fire","/movie/portrait-of-a-lady-on-fire"
"74","I Am Not Your Negro","/movie/i-am-not-your-negro"
"75","Woodstock","/movie/woodstock-1970"
"76","Past Lives","/movie/past-lives"
"77","Aftersun","/movie/aftersun"
"78","Rocks","/movie/rocks"
"79","Amour","/movie/amour"
"80","The Hurt Locker","/movie/the-hurt-locker"
"81","Anatomy of a Murder","/movie/anatomy-of-a-murder"
"82","Zero Dark Thirty","/movie/zero-dark-thirty"
"83","Collective","/movie/collective"
"84","A Separation","/movie/a-separation"
"85","Double Indemnity","/movie/double-indemnity"
"86","Sunrise","/movie/sunrise-1927"
"87","Schindler's List","/movie/schindlers-list"
"88","WALL-E","/movie/wall-e"
"89","Carol","/movie/carol"
"90","Before Midnight","/movie/before-midnight"
"91","Amazing Grace","/movie/amazing-grace-1972"
"92","Dunkirk","/movie/dunkirk"
"93","The Man Who Shot Liberty Valance","/movie/the-man-who-shot-liberty-valance"
"94","The Searchers","/movie/the-searchers"
"95","45 Years","/movie/45-years"
"96","Taxi Driver","/movie/taxi-driver"
"97","The Servant","/movie/the-servant"
"98","Yi Yi","/movie/yi-yi"
"99","Pulp Fiction","/movie/pulp-fiction"
"100","The Manchurian Candidate","/movie/the-manchurian-candidate-1962"
